Experimenter Name,Timestamp,System,Action Taken,User Time,System Time,% CPU,Elapsed Time,Max Resident Set Size,Avg Resident Set Size,Major Page Faults,Minor Page Faults,Voluntary Context Switches,Involuntary Context Switches,Swaps,File Input,File Output,Socket Sent,Socket Received,Signals Delivered,Pagesize
Howard Deiner,Thu Nov 19 22:51:44 UTC 2020,Linux ubuntu 5.4.0-54-generic #60~18.04.1-Ubuntu SMP Fri Nov 6 17:25:16 UTC 2020 x86_64 x86_64 x86_64 GNU/Linux,Local Get Cassandra Data from S3 Bucket,9.57,0.67,81,00:12.6,45148,0,1,219129,1673,166,0,192,3824,0,0,0,4096
Howard Deiner,Thu Nov 19 22:52:04 UTC 2020,Linux ubuntu 5.4.0-54-generic #60~18.04.1-Ubuntu SMP Fri Nov 6 17:25:16 UTC 2020 x86_64 x86_64 x86_64 GNU/Linux,Local Shutdown Cassandra,0.36,0.17,14,00:03.7,59804,0,0,36302,754,39,0,0,49488,0,0,0,4096
Howard Deiner,Thu Nov 19 22:52:25 UTC 2020,Linux ubuntu 5.4.0-54-generic #60~18.04.1-Ubuntu SMP Fri Nov 6 17:25:16 UTC 2020 x86_64 x86_64 x86_64 GNU/Linux,Local Startup Cassandra,0.63,0.24,4,00:18.0,60328,0,1,66484,1762,120,0,80,49704,0,0,0,4096
Howard Deiner,Thu Nov 19 22:52:37 UTC 2020,Linux ubuntu 5.4.0-54-generic #60~18.04.1-Ubuntu SMP Fri Nov 6 17:25:16 UTC 2020 x86_64 x86_64 x86_64 GNU/Linux,Update Cassanda Schema,7.74,0.53,90,00:09.1,336916,0,2,103962,10535,3715,0,8,120,0,0,0,4096
Howard Deiner,Thu Nov 19 22:52:58 UTC 2020,Linux ubuntu 5.4.0-54-generic #60~18.04.1-Ubuntu SMP Fri Nov 6 17:25:16 UTC 2020 x86_64 x86_64 x86_64 GNU/Linux,Local Get Cassandra Data from S3 Bucket,13.69,0.7,76,00:18.9,44984,0,7,272309,1946,220,0,384,48712,0,0,0,4096
Howard Deiner,Thu Nov 19 22:53:04 UTC 2020,Linux ubuntu 5.4.0-54-generic #60~18.04.1-Ubuntu SMP Fri Nov 6 17:25:16 UTC 2020 x86_64 x86_64 x86_64 GNU/Linux,Local Process S3 Data into Cassandra CSV File For Inport,2.64,0.66,99,00:03.3,3220,0,3,14871,200,33,0,40,327288,0,0,0,4096
Howard Deiner,Thu Nov 19 22:53:19 UTC 2020,Linux ubuntu 5.4.0-54-generic #60~18.04.1-Ubuntu SMP Fri Nov 6 17:25:16 UTC 2020 x86_64 x86_64 x86_64 GNU/Linux,Local Load Cassandra Data,0.61,0.5,9,00:12.4,60772,0,10,157954,5419,523,0,13472,16,0,0,0,4096
Howard Deiner,Thu Nov 19 22:53:32 UTC 2020,Linux ubuntu 5.4.0-54-generic #60~18.04.1-Ubuntu SMP Fri Nov 6 17:25:16 UTC 2020 x86_64 x86_64 x86_64 GNU/Linux,Local Test That Cassandra Data Loaded,0.52,0.53,10,00:10.6,60108,0,0,143304,5093,222,0,0,0,0,0,0,4096
Howard Deiner,Thu Nov 19 23:36:33 UTC 2020,Linux ubuntu 5.4.0-54-generic #60~18.04.1-Ubuntu SMP Fri Nov 6 17:25:16 UTC 2020 x86_64 x86_64 x86_64 GNU/Linux,Local Shutdown Cassandra,0.48,0.2,4,00:14.5,59668,0,228,36435,1204,32,0,139888,49504,0,0,0,4096
Howard Deiner,Thu Nov 19 23:36:53 UTC 2020,Linux ubuntu 5.4.0-54-generic #60~18.04.1-Ubuntu SMP Fri Nov 6 17:25:16 UTC 2020 x86_64 x86_64 x86_64 GNU/Linux,Local Startup Cassandra,0.6,0.26,4,00:17.9,60448,0,2,66488,1884,68,0,432,49696,0,0,0,4096
Howard Deiner,Thu Nov 19 23:37:08 UTC 2020,Linux ubuntu 5.4.0-54-generic #60~18.04.1-Ubuntu SMP Fri Nov 6 17:25:16 UTC 2020 x86_64 x86_64 x86_64 GNU/Linux,Update Cassanda Schema,8.23,1.79,84,00:11.9,291996,0,47,91589,11823,5227,0,38272,208,0,0,0,4096
Howard Deiner,Thu Nov 19 23:37:29 UTC 2020,Linux ubuntu 5.4.0-54-generic #60~18.04.1-Ubuntu SMP Fri Nov 6 17:25:16 UTC 2020 x86_64 x86_64 x86_64 GNU/Linux,Local Get Cassandra Data from S3 Bucket,14.44,0.84,80,00:18.9,45124,0,10,272293,2029,249,0,2000,48704,0,0,0,4096
Howard Deiner,Thu Nov 19 23:37:35 UTC 2020,Linux ubuntu 5.4.0-54-generic #60~18.04.1-Ubuntu SMP Fri Nov 6 17:25:16 UTC 2020 x86_64 x86_64 x86_64 GNU/Linux,Local Process S3 Data into Cassandra CSV File For Inport,2.02,0.56,99,00:02.6,3384,0,1,16801,243,96,0,128,287704,0,0,0,4096
Howard Deiner,Thu Nov 19 23:37:50 UTC 2020,Linux ubuntu 5.4.0-54-generic #60~18.04.1-Ubuntu SMP Fri Nov 6 17:25:16 UTC 2020 x86_64 x86_64 x86_64 GNU/Linux,Local Load Cassandra Data,0.54,0.64,9,00:12.4,60524,0,13,157572,5623,484,0,38712,16,0,0,0,4096
Howard Deiner,Thu Nov 19 23:38:03 UTC 2020,Linux ubuntu 5.4.0-54-generic #60~18.04.1-Ubuntu SMP Fri Nov 6 17:25:16 UTC 2020 x86_64 x86_64 x86_64 GNU/Linux,Local Test That Cassandra Data Loaded,0.58,0.54,10,00:11.1,60080,0,2,142791,4840,280,0,32,0,0,0,0,4096
Howard Deiner,Thu Nov 19 23:46:58 UTC 2020,Linux ubuntu 5.4.0-54-generic #60~18.04.1-Ubuntu SMP Fri Nov 6 17:25:16 UTC 2020 x86_64 x86_64 x86_64 GNU/Linux,Local Shutdown Cassandra,0.47,0.14,4,00:14.1,59540,0,1,36470,862,53,0,24,49504,0,0,0,4096
Howard Deiner,Thu Nov 19 23:47:17 UTC 2020,Linux ubuntu 5.4.0-54-generic #60~18.04.1-Ubuntu SMP Fri Nov 6 17:25:16 UTC 2020 x86_64 x86_64 x86_64 GNU/Linux,Local Startup Cassandra,0.68,0.21,5,00:17.1,60144,0,1,66460,1637,116,0,16,49696,0,0,0,4096
Howard Deiner,Thu Nov 19 23:47:25 UTC 2020,Linux ubuntu 5.4.0-54-generic #60~18.04.1-Ubuntu SMP Fri Nov 6 17:25:16 UTC 2020 x86_64 x86_64 x86_64 GNU/Linux,Update Cassanda Schema,3.65,0.26,77,00:05.0,199244,0,5,65774,3178,626,0,198,144,0,0,0,4096
Howard Deiner,Thu Nov 19 23:47:47 UTC 2020,Linux ubuntu 5.4.0-54-generic #60~18.04.1-Ubuntu SMP Fri Nov 6 17:25:16 UTC 2020 x86_64 x86_64 x86_64 GNU/Linux,Local Get Cassandra Data from S3 Bucket,14.54,0.86,80,00:19.2,45028,0,6,272147,2076,518,0,416,48712,0,0,0,4096
Howard Deiner,Thu Nov 19 23:47:52 UTC 2020,Linux ubuntu 5.4.0-54-generic #60~18.04.1-Ubuntu SMP Fri Nov 6 17:25:16 UTC 2020 x86_64 x86_64 x86_64 GNU/Linux,Local Process S3 Data into Cassandra CSV File For Inport,2.03,0.55,100,00:02.6,3296,0,2,16800,225,45,0,56,287704,0,0,0,4096
Howard Deiner,Thu Nov 19 23:48:03 UTC 2020,Linux ubuntu 5.4.0-54-generic #60~18.04.1-Ubuntu SMP Fri Nov 6 17:25:16 UTC 2020 x86_64 x86_64 x86_64 GNU/Linux,Local Load Cassandra Data,0.59,0.62,15,00:07.7,60680,0,0,157171,5435,407,0,0,16,0,0,0,4096
Howard Deiner,Thu Nov 19 23:48:16 UTC 2020,Linux ubuntu 5.4.0-54-generic #60~18.04.1-Ubuntu SMP Fri Nov 6 17:25:16 UTC 2020 x86_64 x86_64 x86_64 GNU/Linux,Local Test That Cassandra Data Loaded,0.49,0.58,10,00:10.6,60240,0,0,142963,4391,224,0,0,16,0,0,0,4096
Howard Deiner,Thu Nov 19 23:48:40 UTC 2020,Linux ubuntu 5.4.0-54-generic #60~18.04.1-Ubuntu SMP Fri Nov 6 17:25:16 UTC 2020 x86_64 x86_64 x86_64 GNU/Linux,Local Shutdown Cassandra,0.46,0.13,4,00:13.9,59540,0,0,36350,899,36,0,0,49504,0,0,0,4096
Howard Deiner,Thu Nov 19 23:49:01 UTC 2020,Linux ubuntu 5.4.0-54-generic #60~18.04.1-Ubuntu SMP Fri Nov 6 17:25:16 UTC 2020 x86_64 x86_64 x86_64 GNU/Linux,Local Startup Cassandra,0.63,0.23,4,00:17.9,60588,0,0,66528,1835,87,0,0,49704,0,0,0,4096
Howard Deiner,Thu Nov 19 23:49:10 UTC 2020,Linux ubuntu 5.4.0-54-generic #60~18.04.1-Ubuntu SMP Fri Nov 6 17:25:16 UTC 2020 x86_64 x86_64 x86_64 GNU/Linux,Update Cassanda Schema,4.98,0.4,80,00:06.7,221268,0,0,75288,4964,1507,0,896,200,0,0,0,4096
Howard Deiner,Thu Nov 19 23:49:31 UTC 2020,Linux ubuntu 5.4.0-54-generic #60~18.04.1-Ubuntu SMP Fri Nov 6 17:25:16 UTC 2020 x86_64 x86_64 x86_64 GNU/Linux,Local Get Cassandra Data from S3 Bucket,14.21,0.81,80,00:18.7,45048,0,11,272460,2000,227,0,2824,48712,0,0,0,4096
Howard Deiner,Thu Nov 19 23:49:36 UTC 2020,Linux ubuntu 5.4.0-54-generic #60~18.04.1-Ubuntu SMP Fri Nov 6 17:25:16 UTC 2020 x86_64 x86_64 x86_64 GNU/Linux,Local Process S3 Data into Cassandra CSV File For Inport,1.8,0.64,99,00:02.5,3380,0,1,16825,243,45,0,144,287704,0,0,0,4096
Howard Deiner,Thu Nov 19 23:49:48 UTC 2020,Linux ubuntu 5.4.0-54-generic #60~18.04.1-Ubuntu SMP Fri Nov 6 17:25:16 UTC 2020 x86_64 x86_64 x86_64 GNU/Linux,Local Load Cassandra Data,0.57,0.67,13,00:09.3,60180,0,217,156852,5624,460,0,115592,16,0,0,0,4096
Howard Deiner,Thu Nov 19 23:50:02 UTC 2020,Linux ubuntu 5.4.0-54-generic #60~18.04.1-Ubuntu SMP Fri Nov 6 17:25:16 UTC 2020 x86_64 x86_64 x86_64 GNU/Linux,Local Test That Cassandra Data Loaded,0.55,0.58,10,00:11.2,60240,0,1,143020,4623,327,0,160,16,0,0,0,4096
Howard Deiner,Thu Nov 19 23:55:31 UTC 2020,Linux ubuntu 5.4.0-54-generic #60~18.04.1-Ubuntu SMP Fri Nov 6 17:25:16 UTC 2020 x86_64 x86_64 x86_64 GNU/Linux,Local Shutdown Cassandra,0.52,0.14,4,00:14.1,59812,0,1,36497,942,62,0,21200,49504,0,0,0,4096
Howard Deiner,Thu Nov 19 23:55:52 UTC 2020,Linux ubuntu 5.4.0-54-generic #60~18.04.1-Ubuntu SMP Fri Nov 6 17:25:16 UTC 2020 x86_64 x86_64 x86_64 GNU/Linux,Local Startup Cassandra,0.66,0.24,5,00:18.1,60328,0,1,66235,1725,159,0,72,49704,0,0,0,4096
Howard Deiner,Thu Nov 19 23:56:05 UTC 2020,Linux ubuntu 5.4.0-54-generic #60~18.04.1-Ubuntu SMP Fri Nov 6 17:25:16 UTC 2020 x86_64 x86_64 x86_64 GNU/Linux,Update Cassanda Schema,8.36,0.7,88,00:10.3,297196,0,17,95192,10492,4672,0,634,160,0,0,0,4096
Howard Deiner,Thu Nov 19 23:56:27 UTC 2020,Linux ubuntu 5.4.0-54-generic #60~18.04.1-Ubuntu SMP Fri Nov 6 17:25:16 UTC 2020 x86_64 x86_64 x86_64 GNU/Linux,Local Get Cassandra Data from S3 Bucket,15.39,0.83,83,00:19.4,44968,0,13,271889,2023,419,0,2880,48704,0,0,0,4096
Howard Deiner,Thu Nov 19 23:56:32 UTC 2020,Linux ubuntu 5.4.0-54-generic #60~18.04.1-Ubuntu SMP Fri Nov 6 17:25:16 UTC 2020 x86_64 x86_64 x86_64 GNU/Linux,Local Process S3 Data into Cassandra CSV File For Inport,2.07,0.77,99,00:02.9,3352,0,2,16721,246,124,0,360,287720,0,0,0,4096
Howard Deiner,Thu Nov 19 23:56:48 UTC 2020,Linux ubuntu 5.4.0-54-generic #60~18.04.1-Ubuntu SMP Fri Nov 6 17:25:16 UTC 2020 x86_64 x86_64 x86_64 GNU/Linux,Local Load Cassandra Data,0.56,0.63,9,00:12.9,60252,0,216,157217,6203,555,0,115776,16,0,0,0,4096
Howard Deiner,Thu Nov 19 23:57:02 UTC 2020,Linux ubuntu 5.4.0-54-generic #60~18.04.1-Ubuntu SMP Fri Nov 6 17:25:16 UTC 2020 x86_64 x86_64 x86_64 GNU/Linux,Local Test That Cassandra Data Loaded,0.57,0.53,9,00:11.1,60448,0,0,143101,4935,334,0,0,0,0,0,0,4096
Howard Deiner,Thu Nov 19 23:59:58 UTC 2020,Linux ubuntu 5.4.0-54-generic #60~18.04.1-Ubuntu SMP Fri Nov 6 17:25:16 UTC 2020 x86_64 x86_64 x86_64 GNU/Linux,Local Shutdown Cassandra,0.45,0.14,4,00:14.0,59984,0,2,36388,875,34,0,24,49504,0,0,0,4096
Howard Deiner,Fri Nov 20 00:00:23 UTC 2020,Linux ubuntu 5.4.0-54-generic #60~18.04.1-Ubuntu SMP Fri Nov 6 17:25:16 UTC 2020 x86_64 x86_64 x86_64 GNU/Linux,Local Startup Cassandra,0.61,0.3,4,00:22.1,60088,0,1,73720,2080,172,0,16,49768,0,0,0,4096
Howard Deiner,Fri Nov 20 00:00:33 UTC 2020,Linux ubuntu 5.4.0-54-generic #60~18.04.1-Ubuntu SMP Fri Nov 6 17:25:16 UTC 2020 x86_64 x86_64 x86_64 GNU/Linux,Update Cassanda Schema,4.55,1.49,86,00:07.0,208540,0,4,70212,5074,1139,0,36364,72,0,0,0,4096
Howard Deiner,Fri Nov 20 00:00:53 UTC 2020,Linux ubuntu 5.4.0-54-generic #60~18.04.1-Ubuntu SMP Fri Nov 6 17:25:16 UTC 2020 x86_64 x86_64 x86_64 GNU/Linux,Local Get Cassandra Data from S3 Bucket,13.8,0.8,81,00:17.9,45200,0,5,272633,2032,191,0,248,48704,0,0,0,4096
Howard Deiner,Fri Nov 20 00:00:58 UTC 2020,Linux ubuntu 5.4.0-54-generic #60~18.04.1-Ubuntu SMP Fri Nov 6 17:25:16 UTC 2020 x86_64 x86_64 x86_64 GNU/Linux,Local Process S3 Data into Cassandra CSV File For Inport,2.02,0.6,98,00:02.7,3352,0,3,16829,252,195,0,40,287720,0,0,0,4096
Howard Deiner,Fri Nov 20 00:01:09 UTC 2020,Linux ubuntu 5.4.0-54-generic #60~18.04.1-Ubuntu SMP Fri Nov 6 17:25:16 UTC 2020 x86_64 x86_64 x86_64 GNU/Linux,Local Load Cassandra Data,0.6,0.6,15,00:07.8,60196,0,0,157385,5359,457,0,0,16,0,0,0,4096
Howard Deiner,Fri Nov 20 00:01:23 UTC 2020,Linux ubuntu 5.4.0-54-generic #60~18.04.1-Ubuntu SMP Fri Nov 6 17:25:16 UTC 2020 x86_64 x86_64 x86_64 GNU/Linux,Local Test That Cassandra Data Loaded,0.57,0.53,9,00:11.1,60232,0,0,142912,4657,288,0,0,16,0,0,0,4096
Howard Deiner,Fri Nov 20 00:01:46 UTC 2020,Linux ubuntu 5.4.0-54-generic #60~18.04.1-Ubuntu SMP Fri Nov 6 17:25:16 UTC 2020 x86_64 x86_64 x86_64 GNU/Linux,Local Shutdown Cassandra,0.48,0.11,4,00:13.9,59784,0,0,36376,795,48,0,0,49504,0,0,0,4096
Howard Deiner,Fri Nov 20 00:02:07 UTC 2020,Linux ubuntu 5.4.0-54-generic #60~18.04.1-Ubuntu SMP Fri Nov 6 17:25:16 UTC 2020 x86_64 x86_64 x86_64 GNU/Linux,Local Startup Cassandra,0.6,0.25,4,00:17.9,60076,0,0,66305,1792,119,0,0,49696,0,0,0,4096
Howard Deiner,Fri Nov 20 00:02:10 UTC 2020,Linux ubuntu 5.4.0-54-generic #60~18.04.1-Ubuntu SMP Fri Nov 6 17:25:16 UTC 2020 x86_64 x86_64 x86_64 GNU/Linux,Update Cassanda Schema,0.51,0.11,53,00:01.2,59948,0,0,23051,1231,39,0,24,72,0,0,0,4096
Howard Deiner,Fri Nov 20 00:02:32 UTC 2020,Linux ubuntu 5.4.0-54-generic #60~18.04.1-Ubuntu SMP Fri Nov 6 17:25:16 UTC 2020 x86_64 x86_64 x86_64 GNU/Linux,Local Get Cassandra Data from S3 Bucket,14.1,0.66,80,00:18.3,45312,0,1,272236,1989,243,0,56,48704,0,0,0,4096
Howard Deiner,Fri Nov 20 00:02:37 UTC 2020,Linux ubuntu 5.4.0-54-generic #60~18.04.1-Ubuntu SMP Fri Nov 6 17:25:16 UTC 2020 x86_64 x86_64 x86_64 GNU/Linux,Local Process S3 Data into Cassandra CSV File For Inport,1.93,0.63,98,00:02.6,3348,0,0,16797,232,141,0,0,287728,0,0,0,4096
Howard Deiner,Fri Nov 20 00:02:48 UTC 2020,Linux ubuntu 5.4.0-54-generic #60~18.04.1-Ubuntu SMP Fri Nov 6 17:25:16 UTC 2020 x86_64 x86_64 x86_64 GNU/Linux,Local Load Cassandra Data,0.61,0.55,15,00:07.8,60396,0,0,157158,5582,383,0,0,16,0,0,0,4096
Howard Deiner,Fri Nov 20 00:03:02 UTC 2020,Linux ubuntu 5.4.0-54-generic #60~18.04.1-Ubuntu SMP Fri Nov 6 17:25:16 UTC 2020 x86_64 x86_64 x86_64 GNU/Linux,Local Test That Cassandra Data Loaded,0.56,0.52,9,00:11.0,60312,0,0,143009,4893,211,0,0,16,0,0,0,4096
Howard Deiner,Fri Nov 20 00:04:15 UTC 2020,Linux ubuntu 5.4.0-54-generic #60~18.04.1-Ubuntu SMP Fri Nov 6 17:25:16 UTC 2020 x86_64 x86_64 x86_64 GNU/Linux,Local Shutdown Cassandra,0.44,0.13,4,00:13.9,59628,0,0,36477,880,41,0,0,49504,0,0,0,4096
Howard Deiner,Fri Nov 20 00:04:34 UTC 2020,Linux ubuntu 5.4.0-54-generic #60~18.04.1-Ubuntu SMP Fri Nov 6 17:25:16 UTC 2020 x86_64 x86_64 x86_64 GNU/Linux,Local Startup Cassandra,0.72,0.25,5,00:17.1,60212,0,0,66654,1832,119,0,0,49696,0,0,0,4096
Howard Deiner,Fri Nov 20 00:04:47 UTC 2020,Linux ubuntu 5.4.0-54-generic #60~18.04.1-Ubuntu SMP Fri Nov 6 17:25:16 UTC 2020 x86_64 x86_64 x86_64 GNU/Linux,Update Cassanda Schema,8.38,0.63,92,00:09.8,331876,0,0,103835,10600,4880,0,68,288,0,0,0,4096
Howard Deiner,Fri Nov 20 00:05:10 UTC 2020,Linux ubuntu 5.4.0-54-generic #60~18.04.1-Ubuntu SMP Fri Nov 6 17:25:16 UTC 2020 x86_64 x86_64 x86_64 GNU/Linux,Local Get Cassandra Data from S3 Bucket,15.14,0.88,79,00:20.2,45136,0,2,272250,2008,413,0,128,48712,0,0,0,4096
Howard Deiner,Fri Nov 20 00:05:15 UTC 2020,Linux ubuntu 5.4.0-54-generic #60~18.04.1-Ubuntu SMP Fri Nov 6 17:25:16 UTC 2020 x86_64 x86_64 x86_64 GNU/Linux,Local Process S3 Data into Cassandra CSV File For Inport,1.93,0.58,99,00:02.5,3384,0,2,16817,233,48,0,32,287704,0,0,0,4096
Howard Deiner,Fri Nov 20 00:05:30 UTC 2020,Linux ubuntu 5.4.0-54-generic #60~18.04.1-Ubuntu SMP Fri Nov 6 17:25:16 UTC 2020 x86_64 x86_64 x86_64 GNU/Linux,Local Load Cassandra Data,0.6,0.52,9,00:12.2,60284,0,1,157106,5417,429,0,8,16,0,0,0,4096
Howard Deiner,Fri Nov 20 00:05:43 UTC 2020,Linux ubuntu 5.4.0-54-generic #60~18.04.1-Ubuntu SMP Fri Nov 6 17:25:16 UTC 2020 x86_64 x86_64 x86_64 GNU/Linux,Local Test That Cassandra Data Loaded,0.58,0.51,10,00:10.8,60324,0,0,143221,4866,371,0,0,0,0,0,0,4096
Howard Deiner,Fri Nov 20 00:28:50 UTC 2020,Linux ubuntu 5.4.0-54-generic #60~18.04.1-Ubuntu SMP Fri Nov 6 17:25:16 UTC 2020 x86_64 x86_64 x86_64 GNU/Linux,Local Shutdown Cassandra,0.46,0.13,4,00:14.2,59752,0,2,36466,798,27,0,16,49504,0,0,0,4096
Howard Deiner,Fri Nov 20 00:29:15 UTC 2020,Linux ubuntu 5.4.0-54-generic #60~18.04.1-Ubuntu SMP Fri Nov 6 17:25:16 UTC 2020 x86_64 x86_64 x86_64 GNU/Linux,Local Startup Cassandra,0.63,0.27,4,00:22.1,59912,0,0,73865,2094,149,0,0,49768,0,0,0,4096
Howard Deiner,Fri Nov 20 00:29:26 UTC 2020,Linux ubuntu 5.4.0-54-generic #60~18.04.1-Ubuntu SMP Fri Nov 6 17:25:16 UTC 2020 x86_64 x86_64 x86_64 GNU/Linux,Update Cassanda Schema,8,0.72,99,00:08.8,320540,0,31,98539,10092,3608,0,1352,72,0,0,0,4096
Howard Deiner,Fri Nov 20 00:29:48 UTC 2020,Linux ubuntu 5.4.0-54-generic #60~18.04.1-Ubuntu SMP Fri Nov 6 17:25:16 UTC 2020 x86_64 x86_64 x86_64 GNU/Linux,Local Get Cassandra Data from S3 Bucket,14.73,0.89,81,00:19.1,45176,0,9,272434,2051,244,0,2664,48704,0,0,0,4096
Howard Deiner,Fri Nov 20 00:29:53 UTC 2020,Linux ubuntu 5.4.0-54-generic #60~18.04.1-Ubuntu SMP Fri Nov 6 17:25:16 UTC 2020 x86_64 x86_64 x86_64 GNU/Linux,Local Process S3 Data into Cassandra CSV File For Inport,2.08,0.63,100,00:02.7,3336,0,1,16864,234,46,0,80,288576,0,0,0,4096
Howard Deiner,Fri Nov 20 00:30:09 UTC 2020,Linux ubuntu 5.4.0-54-generic #60~18.04.1-Ubuntu SMP Fri Nov 6 17:25:16 UTC 2020 x86_64 x86_64 x86_64 GNU/Linux,Local Load Cassandra Data,0.63,0.57,9,00:12.5,60260,0,1,157020,5919,459,0,32,48,0,0,0,4096
Howard Deiner,Fri Nov 20 00:30:22 UTC 2020,Linux ubuntu 5.4.0-54-generic #60~18.04.1-Ubuntu SMP Fri Nov 6 17:25:16 UTC 2020 x86_64 x86_64 x86_64 GNU/Linux,Local Test That Cassandra Data Loaded,0.55,0.51,9,00:10.7,60280,0,0,143269,4810,238,0,0,0,0,0,0,4096
Howard Deiner,Fri Nov 20 00:36:56 UTC 2020,Linux ubuntu 5.4.0-54-generic #60~18.04.1-Ubuntu SMP Fri Nov 6 17:25:16 UTC 2020 x86_64 x86_64 x86_64 GNU/Linux,Local Shutdown Cassandra,0.44,0.14,4,00:14.2,59928,0,0,36593,806,41,0,0,49504,0,0,0,4096
Howard Deiner,Fri Nov 20 00:37:17 UTC 2020,Linux ubuntu 5.4.0-54-generic #60~18.04.1-Ubuntu SMP Fri Nov 6 17:25:16 UTC 2020 x86_64 x86_64 x86_64 GNU/Linux,Local Startup Cassandra,0.63,0.22,4,00:18.0,60124,0,0,66427,1734,152,0,0,49704,0,0,0,4096
Howard Deiner,Fri Nov 20 00:37:30 UTC 2020,Linux ubuntu 5.4.0-54-generic #60~18.04.1-Ubuntu SMP Fri Nov 6 17:25:16 UTC 2020 x86_64 x86_64 x86_64 GNU/Linux,Update Cassanda Schema,8.82,0.6,93,00:10.0,288572,0,1,90132,10334,3527,0,30,120,0,0,0,4096
Howard Deiner,Fri Nov 20 00:37:50 UTC 2020,Linux ubuntu 5.4.0-54-generic #60~18.04.1-Ubuntu SMP Fri Nov 6 17:25:16 UTC 2020 x86_64 x86_64 x86_64 GNU/Linux,Local Get Cassandra Data from S3 Bucket,13.97,0.77,80,00:18.3,45156,0,0,272090,1975,253,0,0,48704,0,0,0,4096
Howard Deiner,Fri Nov 20 00:37:56 UTC 2020,Linux ubuntu 5.4.0-54-generic #60~18.04.1-Ubuntu SMP Fri Nov 6 17:25:16 UTC 2020 x86_64 x86_64 x86_64 GNU/Linux,Local Process S3 Data into Cassandra CSV File For Inport,2.68,0.63,99,00:03.3,3328,0,0,18280,248,89,0,0,330256,0,0,0,4096
Howard Deiner,Fri Nov 20 00:38:11 UTC 2020,Linux ubuntu 5.4.0-54-generic #60~18.04.1-Ubuntu SMP Fri Nov 6 17:25:16 UTC 2020 x86_64 x86_64 x86_64 GNU/Linux,Local Load Cassandra Data,0.56,0.53,8,00:12.2,60256,0,1,157432,5383,403,0,24,16,0,0,0,4096
Howard Deiner,Fri Nov 20 00:38:25 UTC 2020,Linux ubuntu 5.4.0-54-generic #60~18.04.1-Ubuntu SMP Fri Nov 6 17:25:16 UTC 2020 x86_64 x86_64 x86_64 GNU/Linux,Local Test That Cassandra Data Loaded,0.56,0.51,10,00:10.8,60348,0,0,143247,4530,253,0,0,0,0,0,0,4096
Howard Deiner,Fri Nov 20 00:47:17 UTC 2020,Linux ubuntu 5.4.0-54-generic #60~18.04.1-Ubuntu SMP Fri Nov 6 17:25:16 UTC 2020 x86_64 x86_64 x86_64 GNU/Linux,Local Shutdown Cassandra,0.47,0.12,4,00:14.1,59764,0,0,36372,848,51,0,0,49504,0,0,0,4096
Howard Deiner,Fri Nov 20 00:47:37 UTC 2020,Linux ubuntu 5.4.0-54-generic #60~18.04.1-Ubuntu SMP Fri Nov 6 17:25:16 UTC 2020 x86_64 x86_64 x86_64 GNU/Linux,Local Startup Cassandra,0.6,0.25,4,00:17.9,60012,0,1,66436,1870,91,0,16,49704,0,0,0,4096
Howard Deiner,Fri Nov 20 00:47:49 UTC 2020,Linux ubuntu 5.4.0-54-generic #60~18.04.1-Ubuntu SMP Fri Nov 6 17:25:16 UTC 2020 x86_64 x86_64 x86_64 GNU/Linux,Update Cassanda Schema,7.81,0.61,89,00:09.5,302948,0,0,98030,10438,4121,0,4,112,0,0,0,4096
Howard Deiner,Fri Nov 20 00:48:10 UTC 2020,Linux ubuntu 5.4.0-54-generic #60~18.04.1-Ubuntu SMP Fri Nov 6 17:25:16 UTC 2020 x86_64 x86_64 x86_64 GNU/Linux,Local Get Cassandra Data from S3 Bucket,14.2,0.78,82,00:18.2,45244,0,8,272359,1966,219,0,632,48712,0,0,0,4096
Howard Deiner,Fri Nov 20 00:48:16 UTC 2020,Linux ubuntu 5.4.0-54-generic #60~18.04.1-Ubuntu SMP Fri Nov 6 17:25:16 UTC 2020 x86_64 x86_64 x86_64 GNU/Linux,Local Process S3 Data into Cassandra CSV File For Inport,2.68,0.64,99,00:03.4,3380,0,3,18365,260,107,0,72,330256,0,0,0,4096
Howard Deiner,Fri Nov 20 00:48:31 UTC 2020,Linux ubuntu 5.4.0-54-generic #60~18.04.1-Ubuntu SMP Fri Nov 6 17:25:16 UTC 2020 x86_64 x86_64 x86_64 GNU/Linux,Local Load Cassandra Data,0.6,0.53,9,00:12.6,60288,0,0,157559,5485,544,0,0,16,0,0,0,4096
Howard Deiner,Fri Nov 20 00:48:45 UTC 2020,Linux ubuntu 5.4.0-54-generic #60~18.04.1-Ubuntu SMP Fri Nov 6 17:25:16 UTC 2020 x86_64 x86_64 x86_64 GNU/Linux,Local Test That Cassandra Data Loaded,0.64,0.49,9,00:11.4,60336,0,0,143832,4694,352,0,0,0,0,0,0,4096
Howard Deiner,Fri Nov 20 00:49:47 UTC 2020,Linux ubuntu 5.4.0-54-generic #60~18.04.1-Ubuntu SMP Fri Nov 6 17:25:16 UTC 2020 x86_64 x86_64 x86_64 GNU/Linux,Local Shutdown Cassandra,0.55,0.12,4,00:14.6,60004,0,0,36328,894,238,0,0,49496,0,0,0,4096
Howard Deiner,Fri Nov 20 00:50:07 UTC 2020,Linux ubuntu 5.4.0-54-generic #60~18.04.1-Ubuntu SMP Fri Nov 6 17:25:16 UTC 2020 x86_64 x86_64 x86_64 GNU/Linux,Local Startup Cassandra,0.61,0.25,4,00:18.0,60228,0,0,66565,1775,118,0,0,49704,0,0,0,4096
Howard Deiner,Fri Nov 20 00:50:19 UTC 2020,Linux ubuntu 5.4.0-54-generic #60~18.04.1-Ubuntu SMP Fri Nov 6 17:25:16 UTC 2020 x86_64 x86_64 x86_64 GNU/Linux,Update Cassanda Schema,7.58,0.62,86,00:09.5,327272,0,0,103706,10394,3108,0,0,120,0,0,0,4096
Howard Deiner,Fri Nov 20 00:50:41 UTC 2020,Linux ubuntu 5.4.0-54-generic #60~18.04.1-Ubuntu SMP Fri Nov 6 17:25:16 UTC 2020 x86_64 x86_64 x86_64 GNU/Linux,Local Get Cassandra Data from S3 Bucket,14.73,0.83,80,00:19.3,45096,0,1,272393,1964,356,0,8,48712,0,0,0,4096
Howard Deiner,Fri Nov 20 00:50:47 UTC 2020,Linux ubuntu 5.4.0-54-generic #60~18.04.1-Ubuntu SMP Fri Nov 6 17:25:16 UTC 2020 x86_64 x86_64 x86_64 GNU/Linux,Local Process S3 Data into Cassandra CSV File For Inport,2.85,0.84,99,00:03.7,3368,0,1,20213,276,95,0,24,350872,0,0,0,4096
Howard Deiner,Fri Nov 20 00:51:03 UTC 2020,Linux ubuntu 5.4.0-54-generic #60~18.04.1-Ubuntu SMP Fri Nov 6 17:25:16 UTC 2020 x86_64 x86_64 x86_64 GNU/Linux,Local Load Cassandra Data,0.61,0.58,9,00:13.0,60688,0,10,157939,5230,495,0,38600,16,0,0,0,4096
Howard Deiner,Fri Nov 20 00:51:17 UTC 2020,Linux ubuntu 5.4.0-54-generic #60~18.04.1-Ubuntu SMP Fri Nov 6 17:25:16 UTC 2020 x86_64 x86_64 x86_64 GNU/Linux,Local Test That Cassandra Data Loaded,0.58,0.52,9,00:11.7,60576,0,0,143103,4811,331,0,0,0,0,0,0,4096
Howard Deiner,Fri Nov 20 00:53:26 UTC 2020,Linux ubuntu 5.4.0-54-generic #60~18.04.1-Ubuntu SMP Fri Nov 6 17:25:16 UTC 2020 x86_64 x86_64 x86_64 GNU/Linux,Local Shutdown Cassandra,0.45,0.14,4,00:14.2,59676,0,0,36375,927,41,0,0,49504,0,0,0,4096
Howard Deiner,Fri Nov 20 00:53:46 UTC 2020,Linux ubuntu 5.4.0-54-generic #60~18.04.1-Ubuntu SMP Fri Nov 6 17:25:16 UTC 2020 x86_64 x86_64 x86_64 GNU/Linux,Local Startup Cassandra,0.6,0.24,4,00:17.9,60632,0,0,66767,1776,86,0,0,49704,0,0,0,4096
Howard Deiner,Fri Nov 20 00:53:57 UTC 2020,Linux ubuntu 5.4.0-54-generic #60~18.04.1-Ubuntu SMP Fri Nov 6 17:25:16 UTC 2020 x86_64 x86_64 x86_64 GNU/Linux,Update Cassanda Schema,6.98,0.59,83,00:09.1,308648,0,0,95802,10318,2999,0,0,112,0,0,0,4096
Howard Deiner,Fri Nov 20 00:54:18 UTC 2020,Linux ubuntu 5.4.0-54-generic #60~18.04.1-Ubuntu SMP Fri Nov 6 17:25:16 UTC 2020 x86_64 x86_64 x86_64 GNU/Linux,Local Get Cassandra Data from S3 Bucket,13.79,0.83,81,00:18.0,45160,0,0,272071,1940,511,0,0,48712,0,0,0,4096
Howard Deiner,Fri Nov 20 00:54:25 UTC 2020,Linux ubuntu 5.4.0-54-generic #60~18.04.1-Ubuntu SMP Fri Nov 6 17:25:16 UTC 2020 x86_64 x86_64 x86_64 GNU/Linux,Local Process S3 Data into Cassandra CSV File For Inport,2.77,0.66,100,00:03.4,3352,0,0,20328,269,36,0,0,350864,0,0,0,4096
Howard Deiner,Fri Nov 20 00:54:40 UTC 2020,Linux ubuntu 5.4.0-54-generic #60~18.04.1-Ubuntu SMP Fri Nov 6 17:25:16 UTC 2020 x86_64 x86_64 x86_64 GNU/Linux,Local Load Cassandra Data,0.59,0.52,8,00:12.5,60212,0,0,157215,5263,426,0,0,8,0,0,0,4096
Howard Deiner,Fri Nov 20 00:54:54 UTC 2020,Linux ubuntu 5.4.0-54-generic #60~18.04.1-Ubuntu SMP Fri Nov 6 17:25:16 UTC 2020 x86_64 x86_64 x86_64 GNU/Linux,Local Test That Cassandra Data Loaded,0.58,0.52,9,00:11.1,60344,0,0,142821,5015,270,0,0,0,0,0,0,4096
Howard Deiner,Fri Nov 20 00:56:13 UTC 2020,Linux ubuntu 5.4.0-54-generic #60~18.04.1-Ubuntu SMP Fri Nov 6 17:25:16 UTC 2020 x86_64 x86_64 x86_64 GNU/Linux,Local Shutdown Cassandra,0.46,0.14,4,00:14.1,59592,0,0,36316,799,55,0,0,49504,0,0,0,4096
Howard Deiner,Fri Nov 20 00:56:32 UTC 2020,Linux ubuntu 5.4.0-54-generic #60~18.04.1-Ubuntu SMP Fri Nov 6 17:25:16 UTC 2020 x86_64 x86_64 x86_64 GNU/Linux,Local Startup Cassandra,0.67,0.25,5,00:17.1,60408,0,0,66563,1818,93,0,0,49696,0,0,0,4096
Howard Deiner,Fri Nov 20 00:56:44 UTC 2020,Linux ubuntu 5.4.0-54-generic #60~18.04.1-Ubuntu SMP Fri Nov 6 17:25:16 UTC 2020 x86_64 x86_64 x86_64 GNU/Linux,Update Cassanda Schema,7.35,0.54,83,00:09.4,326324,0,0,99925,10360,3287,0,0,112,0,0,0,4096
Howard Deiner,Fri Nov 20 00:57:05 UTC 2020,Linux ubuntu 5.4.0-54-generic #60~18.04.1-Ubuntu SMP Fri Nov 6 17:25:16 UTC 2020 x86_64 x86_64 x86_64 GNU/Linux,Local Get Cassandra Data from S3 Bucket,14.04,0.69,80,00:18.2,45128,0,0,271917,1996,257,0,0,48712,0,0,0,4096
Howard Deiner,Fri Nov 20 00:57:11 UTC 2020,Linux ubuntu 5.4.0-54-generic #60~18.04.1-Ubuntu SMP Fri Nov 6 17:25:16 UTC 2020 x86_64 x86_64 x86_64 GNU/Linux,Local Process S3 Data into Cassandra CSV File For Inport,2.82,0.65,100,00:03.5,3316,0,0,20270,266,34,0,0,350864,0,0,0,4096
Howard Deiner,Fri Nov 20 00:57:26 UTC 2020,Linux ubuntu 5.4.0-54-generic #60~18.04.1-Ubuntu SMP Fri Nov 6 17:25:16 UTC 2020 x86_64 x86_64 x86_64 GNU/Linux,Local Load Cassandra Data,0.6,0.48,9,00:11.9,60220,0,0,156941,5323,362,0,0,8,0,0,0,4096
Howard Deiner,Fri Nov 20 00:57:39 UTC 2020,Linux ubuntu 5.4.0-54-generic #60~18.04.1-Ubuntu SMP Fri Nov 6 17:25:16 UTC 2020 x86_64 x86_64 x86_64 GNU/Linux,Local Test That Cassandra Data Loaded,0.62,0.5,9,00:11.3,60216,0,0,143152,4795,295,0,0,0,0,0,0,4096
Howard Deiner,Fri Nov 20 00:59:16 UTC 2020,Linux ubuntu 5.4.0-54-generic #60~18.04.1-Ubuntu SMP Fri Nov 6 17:25:16 UTC 2020 x86_64 x86_64 x86_64 GNU/Linux,Local Shutdown Cassandra,0.42,0.15,4,00:14.1,59804,0,0,36471,914,35,0,0,49504,0,0,0,4096
Howard Deiner,Fri Nov 20 00:59:37 UTC 2020,Linux ubuntu 5.4.0-54-generic #60~18.04.1-Ubuntu SMP Fri Nov 6 17:25:16 UTC 2020 x86_64 x86_64 x86_64 GNU/Linux,Local Startup Cassandra,0.64,0.25,4,00:18.0,60116,0,0,66208,1702,80,0,0,49704,0,0,0,4096
Howard Deiner,Fri Nov 20 00:59:50 UTC 2020,Linux ubuntu 5.4.0-54-generic #60~18.04.1-Ubuntu SMP Fri Nov 6 17:25:16 UTC 2020 x86_64 x86_64 x86_64 GNU/Linux,Update Cassanda Schema,8.96,0.7,94,00:10.2,288900,0,0,91005,10470,4292,0,0,136,0,0,0,4096
Howard Deiner,Fri Nov 20 01:00:12 UTC 2020,Linux ubuntu 5.4.0-54-generic #60~18.04.1-Ubuntu SMP Fri Nov 6 17:25:16 UTC 2020 x86_64 x86_64 x86_64 GNU/Linux,Local Get Cassandra Data from S3 Bucket,14.73,0.81,79,00:19.7,45284,0,0,271694,2014,217,0,0,48704,0,0,0,4096
Howard Deiner,Fri Nov 20 01:00:19 UTC 2020,Linux ubuntu 5.4.0-54-generic #60~18.04.1-Ubuntu SMP Fri Nov 6 17:25:16 UTC 2020 x86_64 x86_64 x86_64 GNU/Linux,Local Process S3 Data into Cassandra CSV File For Inport,3.05,0.8,99,00:03.9,3376,0,0,20263,288,121,0,48,350880,0,0,0,4096
Howard Deiner,Fri Nov 20 01:00:35 UTC 2020,Linux ubuntu 5.4.0-54-generic #60~18.04.1-Ubuntu SMP Fri Nov 6 17:25:16 UTC 2020 x86_64 x86_64 x86_64 GNU/Linux,Local Load Cassandra Data,0.55,0.58,8,00:13.1,60468,0,0,157238,5257,419,0,0,8,0,0,0,4096
Howard Deiner,Fri Nov 20 01:00:48 UTC 2020,Linux ubuntu 5.4.0-54-generic #60~18.04.1-Ubuntu SMP Fri Nov 6 17:25:16 UTC 2020 x86_64 x86_64 x86_64 GNU/Linux,Local Test That Cassandra Data Loaded,0.55,0.54,10,00:10.8,60376,0,0,143198,4929,264,0,0,0,0,0,0,4096
Howard Deiner,Fri Nov 20 01:02:32 UTC 2020,Linux ubuntu 5.4.0-54-generic #60~18.04.1-Ubuntu SMP Fri Nov 6 17:25:16 UTC 2020 x86_64 x86_64 x86_64 GNU/Linux,Local Shutdown Cassandra,0.48,0.11,4,00:14.2,59776,0,0,36423,763,34,0,0,49504,0,0,0,4096
Howard Deiner,Fri Nov 20 01:02:53 UTC 2020,Linux ubuntu 5.4.0-54-generic #60~18.04.1-Ubuntu SMP Fri Nov 6 17:25:16 UTC 2020 x86_64 x86_64 x86_64 GNU/Linux,Local Startup Cassandra,0.67,0.25,5,00:18.0,59972,0,0,66116,1898,155,0,0,49704,0,0,0,4096
Howard Deiner,Fri Nov 20 01:03:06 UTC 2020,Linux ubuntu 5.4.0-54-generic #60~18.04.1-Ubuntu SMP Fri Nov 6 17:25:16 UTC 2020 x86_64 x86_64 x86_64 GNU/Linux,Update Cassanda Schema,8.92,0.57,94,00:10.0,302512,0,0,95814,10214,4422,0,0,120,0,0,0,4096
Howard Deiner,Fri Nov 20 01:03:28 UTC 2020,Linux ubuntu 5.4.0-54-generic #60~18.04.1-Ubuntu SMP Fri Nov 6 17:25:16 UTC 2020 x86_64 x86_64 x86_64 GNU/Linux,Local Get Cassandra Data from S3 Bucket,15.76,0.91,84,00:19.9,45092,0,0,272555,1994,286,0,72,48704,0,0,0,4096
Howard Deiner,Fri Nov 20 01:03:35 UTC 2020,Linux ubuntu 5.4.0-54-generic #60~18.04.1-Ubuntu SMP Fri Nov 6 17:25:16 UTC 2020 x86_64 x86_64 x86_64 GNU/Linux,Local Process S3 Data into Cassandra CSV File For Inport,3.11,0.89,99,00:04.0,3376,0,0,20265,276,102,0,8,350872,0,0,0,4096
Howard Deiner,Fri Nov 20 01:03:53 UTC 2020,Linux ubuntu 5.4.0-54-generic #60~18.04.1-Ubuntu SMP Fri Nov 6 17:25:16 UTC 2020 x86_64 x86_64 x86_64 GNU/Linux,Local Load Cassandra Data,0.68,0.51,8,00:14.9,60856,0,0,157366,5845,568,0,0,8,0,0,0,4096
Howard Deiner,Fri Nov 20 01:04:07 UTC 2020,Linux ubuntu 5.4.0-54-generic #60~18.04.1-Ubuntu SMP Fri Nov 6 17:25:16 UTC 2020 x86_64 x86_64 x86_64 GNU/Linux,Local Test That Cassandra Data Loaded,0.55,0.57,9,00:11.6,60164,0,0,142749,4901,262,0,0,0,0,0,0,4096
Howard Deiner,Fri Nov 20 01:10:44 UTC 2020,Linux ubuntu 5.4.0-54-generic #60~18.04.1-Ubuntu SMP Fri Nov 6 17:25:16 UTC 2020 x86_64 x86_64 x86_64 GNU/Linux,Local Shutdown Cassandra,0.47,0.12,4,00:14.2,60000,0,2,36481,916,40,0,16,49504,0,0,0,4096
Howard Deiner,Fri Nov 20 01:11:04 UTC 2020,Linux ubuntu 5.4.0-54-generic #60~18.04.1-Ubuntu SMP Fri Nov 6 17:25:16 UTC 2020 x86_64 x86_64 x86_64 GNU/Linux,Local Startup Cassandra,0.7,0.23,5,00:17.3,60332,0,0,66444,1891,99,0,0,49696,0,0,0,4096
Howard Deiner,Fri Nov 20 01:11:16 UTC 2020,Linux ubuntu 5.4.0-54-generic #60~18.04.1-Ubuntu SMP Fri Nov 6 17:25:16 UTC 2020 x86_64 x86_64 x86_64 GNU/Linux,Update Cassanda Schema,8.44,0.73,94,00:09.7,323196,0,31,98279,10728,3756,0,1536,296,0,0,0,4096
Howard Deiner,Fri Nov 20 01:11:38 UTC 2020,Linux ubuntu 5.4.0-54-generic #60~18.04.1-Ubuntu SMP Fri Nov 6 17:25:16 UTC 2020 x86_64 x86_64 x86_64 GNU/Linux,Local Get Cassandra Data from S3 Bucket,15.22,0.85,81,00:19.7,45232,0,0,272282,1997,263,0,0,48712,0,0,0,4096
Howard Deiner,Fri Nov 20 01:11:45 UTC 2020,Linux ubuntu 5.4.0-54-generic #60~18.04.1-Ubuntu SMP Fri Nov 6 17:25:16 UTC 2020 x86_64 x86_64 x86_64 GNU/Linux,Local Process S3 Data into Cassandra CSV File For Inport,3.21,0.76,99,00:04.0,3380,0,0,20228,270,89,0,0,350864,0,0,0,4096
Howard Deiner,Fri Nov 20 01:12:02 UTC 2020,Linux ubuntu 5.4.0-54-generic #60~18.04.1-Ubuntu SMP Fri Nov 6 17:25:16 UTC 2020 x86_64 x86_64 x86_64 GNU/Linux,Local Load Cassandra Data,0.67,0.5,8,00:14.6,60144,0,0,157367,5620,508,0,0,8,0,0,0,4096
Howard Deiner,Fri Nov 20 01:12:16 UTC 2020,Linux ubuntu 5.4.0-54-generic #60~18.04.1-Ubuntu SMP Fri Nov 6 17:25:16 UTC 2020 x86_64 x86_64 x86_64 GNU/Linux,Local Test That Cassandra Data Loaded,0.55,0.53,10,00:10.8,60180,0,0,143339,4548,262,0,0,0,0,0,0,4096
Howard Deiner,Fri Nov 20 01:22:32 UTC 2020,Linux ubuntu 5.4.0-54-generic #60~18.04.1-Ubuntu SMP Fri Nov 6 17:25:16 UTC 2020 x86_64 x86_64 x86_64 GNU/Linux,Local Shutdown Cassandra,0.49,0.12,4,00:14.1,59596,0,0,36374,892,33,0,0,49504,0,0,0,4096
Howard Deiner,Fri Nov 20 01:22:52 UTC 2020,Linux ubuntu 5.4.0-54-generic #60~18.04.1-Ubuntu SMP Fri Nov 6 17:25:16 UTC 2020 x86_64 x86_64 x86_64 GNU/Linux,Local Startup Cassandra,0.64,0.22,4,00:17.9,60780,0,0,67029,1642,69,0,0,49704,0,0,0,4096
Howard Deiner,Fri Nov 20 01:23:05 UTC 2020,Linux ubuntu 5.4.0-54-generic #60~18.04.1-Ubuntu SMP Fri Nov 6 17:25:16 UTC 2020 x86_64 x86_64 x86_64 GNU/Linux,Update Cassanda Schema,7.93,0.72,91,00:09.4,337992,0,0,106138,10691,4514,0,0,128,0,0,0,4096
Howard Deiner,Fri Nov 20 01:23:25 UTC 2020,Linux ubuntu 5.4.0-54-generic #60~18.04.1-Ubuntu SMP Fri Nov 6 17:25:16 UTC 2020 x86_64 x86_64 x86_64 GNU/Linux,Local Get Cassandra Data from S3 Bucket,13.95,0.8,81,00:18.1,45060,0,6,272341,1973,274,0,368,48712,0,0,0,4096
Howard Deiner,Fri Nov 20 01:23:32 UTC 2020,Linux ubuntu 5.4.0-54-generic #60~18.04.1-Ubuntu SMP Fri Nov 6 17:25:16 UTC 2020 x86_64 x86_64 x86_64 GNU/Linux,Local Process S3 Data into Cassandra CSV File For Inport,2.94,0.68,99,00:03.6,3368,0,3,20224,290,82,0,48,350872,0,0,0,4096
Howard Deiner,Fri Nov 20 01:23:48 UTC 2020,Linux ubuntu 5.4.0-54-generic #60~18.04.1-Ubuntu SMP Fri Nov 6 17:25:16 UTC 2020 x86_64 x86_64 x86_64 GNU/Linux,Local Load Cassandra Data,0.56,0.58,8,00:13.6,60868,0,2,158082,5700,529,0,16,16,0,0,0,4096
Howard Deiner,Fri Nov 20 01:24:01 UTC 2020,Linux ubuntu 5.4.0-54-generic #60~18.04.1-Ubuntu SMP Fri Nov 6 17:25:16 UTC 2020 x86_64 x86_64 x86_64 GNU/Linux,Local Test That Cassandra Data Loaded,0.56,0.51,10,00:10.8,60516,0,0,143330,4424,280,0,0,0,0,0,0,4096
Howard Deiner,Fri Nov 20 01:30:17 UTC 2020,Linux ubuntu 5.4.0-54-generic #60~18.04.1-Ubuntu SMP Fri Nov 6 17:25:16 UTC 2020 x86_64 x86_64 x86_64 GNU/Linux,Local Shutdown Cassandra,0.57,0.14,4,00:14.8,59948,0,0,36519,809,112,0,0,49504,0,0,0,4096
Howard Deiner,Fri Nov 20 01:30:38 UTC 2020,Linux ubuntu 5.4.0-54-generic #60~18.04.1-Ubuntu SMP Fri Nov 6 17:25:16 UTC 2020 x86_64 x86_64 x86_64 GNU/Linux,Local Startup Cassandra,0.64,0.22,4,00:18.0,60840,0,1,66625,1836,100,0,16,49696,0,0,0,4096
Howard Deiner,Fri Nov 20 01:30:50 UTC 2020,Linux ubuntu 5.4.0-54-generic #60~18.04.1-Ubuntu SMP Fri Nov 6 17:25:16 UTC 2020 x86_64 x86_64 x86_64 GNU/Linux,Update Cassanda Schema,8.05,0.6,89,00:09.7,310532,0,1,97270,10359,3773,0,138,320,0,0,0,4096
Howard Deiner,Fri Nov 20 01:31:11 UTC 2020,Linux ubuntu 5.4.0-54-generic #60~18.04.1-Ubuntu SMP Fri Nov 6 17:25:16 UTC 2020 x86_64 x86_64 x86_64 GNU/Linux,Local Get Cassandra Data from S3 Bucket,14.08,0.86,82,00:18.0,45096,0,0,272353,1943,235,0,0,48712,0,0,0,4096
Howard Deiner,Fri Nov 20 01:31:17 UTC 2020,Linux ubuntu 5.4.0-54-generic #60~18.04.1-Ubuntu SMP Fri Nov 6 17:25:16 UTC 2020 x86_64 x86_64 x86_64 GNU/Linux,Local Process S3 Data into Cassandra CSV File For Inport,2.96,0.67,100,00:03.6,3368,0,0,20384,266,43,0,0,350864,0,0,0,4096
Howard Deiner,Fri Nov 20 01:31:34 UTC 2020,Linux ubuntu 5.4.0-54-generic #60~18.04.1-Ubuntu SMP Fri Nov 6 17:25:16 UTC 2020 x86_64 x86_64 x86_64 GNU/Linux,Local Load Cassandra Data,0.65,0.51,8,00:14.4,60616,0,0,157662,5633,498,0,0,8,0,0,0,4096
Howard Deiner,Fri Nov 20 01:31:48 UTC 2020,Linux ubuntu 5.4.0-54-generic #60~18.04.1-Ubuntu SMP Fri Nov 6 17:25:16 UTC 2020 x86_64 x86_64 x86_64 GNU/Linux,Local Test That Cassandra Data Loaded,0.52,0.6,10,00:11.0,60448,0,0,143290,4790,282,0,0,0,0,0,0,4096
Howard Deiner,Fri Nov 20 12:07:54 UTC 2020,Linux ubuntu 5.4.0-54-generic #60~18.04.1-Ubuntu SMP Fri Nov 6 17:25:16 UTC 2020 x86_64 x86_64 x86_64 GNU/Linux,Local Shutdown Cassandra,0.5,0.58,6,00:16.0,59920,0,227,36282,1526,43,0,139176,49504,0,0,0,4096
Howard Deiner,Fri Nov 20 12:08:37 UTC 2020,Linux ubuntu 5.4.0-54-generic #60~18.04.1-Ubuntu SMP Fri Nov 6 17:25:16 UTC 2020 x86_64 x86_64 x86_64 GNU/Linux,Local Startup Cassandra,0.83,1.38,5,00:39.8,60248,0,2,95859,3549,195,0,352,49736,0,0,0,4096
Howard Deiner,Fri Nov 20 12:08:52 UTC 2020,Linux ubuntu 5.4.0-54-generic #60~18.04.1-Ubuntu SMP Fri Nov 6 17:25:16 UTC 2020 x86_64 x86_64 x86_64 GNU/Linux,Update Cassanda Schema,9.53,3.12,99,00:12.7,301476,0,128,98005,13505,4284,0,51416,176,0,0,0,4096
Howard Deiner,Fri Nov 20 12:09:14 UTC 2020,Linux ubuntu 5.4.0-54-generic #60~18.04.1-Ubuntu SMP Fri Nov 6 17:25:16 UTC 2020 x86_64 x86_64 x86_64 GNU/Linux,Local Get Cassandra Data from S3 Bucket,14.73,0.89,83,00:18.8,45044,0,20,272276,2030,230,0,4872,48712,0,0,0,4096
Howard Deiner,Fri Nov 20 12:09:20 UTC 2020,Linux ubuntu 5.4.0-54-generic #60~18.04.1-Ubuntu SMP Fri Nov 6 17:25:16 UTC 2020 x86_64 x86_64 x86_64 GNU/Linux,Local Process S3 Data into Cassandra CSV File For Inport,2.83,0.69,99,00:03.5,3360,0,4,20269,291,70,0,552,350872,0,0,0,4096
Howard Deiner,Fri Nov 20 12:09:37 UTC 2020,Linux ubuntu 5.4.0-54-generic #60~18.04.1-Ubuntu SMP Fri Nov 6 17:25:16 UTC 2020 x86_64 x86_64 x86_64 GNU/Linux,Local Load Cassandra Data,0.59,0.68,8,00:14.2,60000,0,14,156916,5890,434,0,38760,8,0,0,0,4096
Howard Deiner,Fri Nov 20 12:09:51 UTC 2020,Linux ubuntu 5.4.0-54-generic #60~18.04.1-Ubuntu SMP Fri Nov 6 17:25:16 UTC 2020 x86_64 x86_64 x86_64 GNU/Linux,Local Test That Cassandra Data Loaded,0.66,0.5,10,00:11.5,60188,0,1,142758,4689,318,0,72,0,0,0,0,4096
Howard Deiner,Fri Nov 20 12:16:57 UTC 2020,Linux ubuntu 5.4.0-54-generic #60~18.04.1-Ubuntu SMP Fri Nov 6 17:25:16 UTC 2020 x86_64 x86_64 x86_64 GNU/Linux,Local Shutdown Cassandra,0.48,0.14,4,00:14.2,59936,0,2,36724,800,50,0,16,49504,0,0,0,4096
Howard Deiner,Fri Nov 20 12:17:17 UTC 2020,Linux ubuntu 5.4.0-54-generic #60~18.04.1-Ubuntu SMP Fri Nov 6 17:25:16 UTC 2020 x86_64 x86_64 x86_64 GNU/Linux,Local Startup Cassandra,0.66,0.24,5,00:18.0,60272,0,1,66375,1796,78,0,16,49704,0,0,0,4096
Howard Deiner,Fri Nov 20 12:17:30 UTC 2020,Linux ubuntu 5.4.0-54-generic #60~18.04.1-Ubuntu SMP Fri Nov 6 17:25:16 UTC 2020 x86_64 x86_64 x86_64 GNU/Linux,Update Cassanda Schema,8.44,0.71,92,00:09.9,297492,0,19,95899,10460,4354,0,348,152,0,0,0,4096
Howard Deiner,Fri Nov 20 12:17:51 UTC 2020,Linux ubuntu 5.4.0-54-generic #60~18.04.1-Ubuntu SMP Fri Nov 6 17:25:16 UTC 2020 x86_64 x86_64 x86_64 GNU/Linux,Local Get Cassandra Data from S3 Bucket,14.45,0.95,82,00:18.7,45172,0,0,271771,1946,326,0,264,48704,0,0,0,4096
Howard Deiner,Fri Nov 20 12:17:57 UTC 2020,Linux ubuntu 5.4.0-54-generic #60~18.04.1-Ubuntu SMP Fri Nov 6 17:25:16 UTC 2020 x86_64 x86_64 x86_64 GNU/Linux,Local Process S3 Data into Cassandra CSV File For Inport,2.91,0.77,98,00:03.7,3376,0,0,20313,280,99,0,16,350872,0,0,0,4096
Howard Deiner,Fri Nov 20 12:18:14 UTC 2020,Linux ubuntu 5.4.0-54-generic #60~18.04.1-Ubuntu SMP Fri Nov 6 17:25:16 UTC 2020 x86_64 x86_64 x86_64 GNU/Linux,Local Load Cassandra Data,0.57,0.63,8,00:13.7,60112,0,0,157498,6033,569,0,0,16,0,0,0,4096
Howard Deiner,Fri Nov 20 12:18:28 UTC 2020,Linux ubuntu 5.4.0-54-generic #60~18.04.1-Ubuntu SMP Fri Nov 6 17:25:16 UTC 2020 x86_64 x86_64 x86_64 GNU/Linux,Local Test That Cassandra Data Loaded,0.5,0.63,10,00:11.0,60132,0,1,142719,4763,257,0,8,0,0,0,0,4096
Howard Deiner,Fri Nov 20 12:21:45 UTC 2020,Linux ubuntu 5.4.0-54-generic #60~18.04.1-Ubuntu SMP Fri Nov 6 17:25:16 UTC 2020 x86_64 x86_64 x86_64 GNU/Linux,Local Shutdown Cassandra,0.49,0.1,4,00:14.4,59916,0,0,36323,828,35,0,0,49504,0,0,0,4096
Howard Deiner,Fri Nov 20 12:22:45 UTC 2020,Linux ubuntu 5.4.0-54-generic #60~18.04.1-Ubuntu SMP Fri Nov 6 17:25:16 UTC 2020 x86_64 x86_64 x86_64 GNU/Linux,Local Startup Cassandra,0.57,0.27,5,00:17.0,59952,0,0,66325,1821,126,0,0,49696,0,0,0,4096
Howard Deiner,Fri Nov 20 12:25:12 UTC 2020,Linux ubuntu 5.4.0-54-generic #60~18.04.1-Ubuntu SMP Fri Nov 6 17:25:16 UTC 2020 x86_64 x86_64 x86_64 GNU/Linux,Update Cassanda Schema,9.25,1.74,102,00:10.7,290768,0,41,91000,11711,5692,0,31486,264,0,0,0,4096
Howard Deiner,Fri Nov 20 12:25:33 UTC 2020,Linux ubuntu 5.4.0-54-generic #60~18.04.1-Ubuntu SMP Fri Nov 6 17:25:16 UTC 2020 x86_64 x86_64 x86_64 GNU/Linux,Local Get Cassandra Data from S3 Bucket,14.57,0.83,83,00:18.5,45164,0,19,272504,1981,235,0,4048,48704,0,0,0,4096
Howard Deiner,Fri Nov 20 12:25:39 UTC 2020,Linux ubuntu 5.4.0-54-generic #60~18.04.1-Ubuntu SMP Fri Nov 6 17:25:16 UTC 2020 x86_64 x86_64 x86_64 GNU/Linux,Local Process S3 Data into Cassandra CSV File For Inport,2.95,0.78,98,00:03.8,3364,0,4,20348,310,139,0,792,350872,0,0,0,4096
Howard Deiner,Fri Nov 20 12:25:56 UTC 2020,Linux ubuntu 5.4.0-54-generic #60~18.04.1-Ubuntu SMP Fri Nov 6 17:25:16 UTC 2020 x86_64 x86_64 x86_64 GNU/Linux,Local Load Cassandra Data,0.69,0.52,8,00:14.3,60444,0,10,157388,5474,503,0,3624,8,0,0,0,4096
Howard Deiner,Fri Nov 20 12:26:10 UTC 2020,Linux ubuntu 5.4.0-54-generic #60~18.04.1-Ubuntu SMP Fri Nov 6 17:25:16 UTC 2020 x86_64 x86_64 x86_64 GNU/Linux,Local Test That Cassandra Data Loaded,0.56,0.58,10,00:11.2,60436,0,1,142938,4695,265,0,72,8,0,0,0,4096
Howard Deiner,Fri Nov 20 12:32:00 UTC 2020,Linux ubuntu 5.4.0-54-generic #60~18.04.1-Ubuntu SMP Fri Nov 6 17:25:16 UTC 2020 x86_64 x86_64 x86_64 GNU/Linux,Local Shutdown Cassandra,0.49,0.17,4,00:14.4,59568,0,2,36452,1097,48,0,21240,49504,0,0,0,4096
Howard Deiner,Fri Nov 20 16:37:11 UTC 2020,Linux ip-172-31-77-150 5.3.0-1023-aws #25~18.04.1-Ubuntu SMP Fri Jun 5 15:18:30 UTC 2020 x86_64 x86_64 x86_64 GNU/Linux,AWS Update Cassanda Schema,8.04,0.46,74,00:11.5,279272,0,0,88528,8686,13754,0,0,72,0,0,0,4096
Howard Deiner,Fri Nov 20 16:37:12 UTC 2020,Linux ip-172-31-77-150 5.3.0-1023-aws #25~18.04.1-Ubuntu SMP Fri Jun 5 15:18:30 UTC 2020 x86_64 x86_64 x86_64 GNU/Linux,AWS Get Cassandra Data from S3 Bucket,0,0,100,00:00.0,3264,0,0,1136,23,1,0,0,8,0,0,0,4096
Howard Deiner,Fri Nov 20 16:37:13 UTC 2020,Linux ip-172-31-77-150 5.3.0-1023-aws #25~18.04.1-Ubuntu SMP Fri Jun 5 15:18:30 UTC 2020 x86_64 x86_64 x86_64 GNU/Linux,AWS Process S3 Data into Cassandra CSV File For Inport,0.1,0.03,106,00:00.1,3288,0,0,20483,264,29,0,0,24,0,0,0,4096
Howard Deiner,Fri Nov 20 16:50:11 UTC 2020,Linux ip-172-31-71-167 5.3.0-1023-aws #25~18.04.1-Ubuntu SMP Fri Jun 5 15:18:30 UTC 2020 x86_64 x86_64 x86_64 GNU/Linux,AWS Update Cassanda Schema,7.47,0.46,71,00:11.1,279616,0,0,88930,10074,15161,0,0,72,0,0,0,4096
Howard Deiner,Fri Nov 20 16:50:12 UTC 2020,Linux ip-172-31-71-167 5.3.0-1023-aws #25~18.04.1-Ubuntu SMP Fri Jun 5 15:18:30 UTC 2020 x86_64 x86_64 x86_64 GNU/Linux,AWS Get Cassandra Data from S3 Bucket,0,0,100,00:00.0,3256,0,0,1126,22,8,0,0,8,0,0,0,4096
Howard Deiner,Fri Nov 20 16:50:13 UTC 2020,Linux ip-172-31-71-167 5.3.0-1023-aws #25~18.04.1-Ubuntu SMP Fri Jun 5 15:18:30 UTC 2020 x86_64 x86_64 x86_64 GNU/Linux,AWS Process S3 Data into Cassandra CSV File For Inport,0.11,0.02,105,00:00.1,3348,0,0,20454,262,21,0,0,24,0,0,0,4096
Howard Deiner,Fri Nov 20 16:50:20 UTC 2020,Linux ip-172-31-71-167 5.3.0-1023-aws #25~18.04.1-Ubuntu SMP Fri Jun 5 15:18:30 UTC 2020 x86_64 x86_64 x86_64 GNU/Linux,Local Load Cassandra Data,3.03,0.54,60,00:05.9,26356,0,0,218882,3957,8033,0,0,8,0,0,0,4096
Howard Deiner,Fri Nov 20 16:50:30 UTC 2020,Linux ip-172-31-71-167 5.3.0-1023-aws #25~18.04.1-Ubuntu SMP Fri Jun 5 15:18:30 UTC 2020 x86_64 x86_64 x86_64 GNU/Linux,Local Test That Cassandra Data Loaded,4.39,0.66,58,00:08.6,26396,0,0,306040,6162,4317,0,0,8,0,0,0,4096
Howard Deiner,Fri Nov 20 17:01:50 UTC 2020,Linux ip-172-31-66-52 5.3.0-1023-aws #25~18.04.1-Ubuntu SMP Fri Jun 5 15:18:30 UTC 2020 x86_64 x86_64 x86_64 GNU/Linux,AWS Update Cassanda Schema,7.65,0.4,71,00:11.3,272608,0,0,87404,9161,12882,0,0,72,0,0,0,4096
Howard Deiner,Fri Nov 20 17:01:51 UTC 2020,Linux ip-172-31-66-52 5.3.0-1023-aws #25~18.04.1-Ubuntu SMP Fri Jun 5 15:18:30 UTC 2020 x86_64 x86_64 x86_64 GNU/Linux,AWS Get Cassandra Data from S3 Bucket,0,0,120,00:00.0,3112,0,0,1096,21,1,0,0,8,0,0,0,4096
Howard Deiner,Fri Nov 20 17:01:52 UTC 2020,Linux ip-172-31-66-52 5.3.0-1023-aws #25~18.04.1-Ubuntu SMP Fri Jun 5 15:18:30 UTC 2020 x86_64 x86_64 x86_64 GNU/Linux,AWS Process S3 Data into Cassandra CSV File For Inport,0.1,0.02,105,00:00.1,3352,0,0,20488,265,16,0,0,24,0,0,0,4096
Howard Deiner,Fri Nov 20 17:01:59 UTC 2020,Linux ip-172-31-66-52 5.3.0-1023-aws #25~18.04.1-Ubuntu SMP Fri Jun 5 15:18:30 UTC 2020 x86_64 x86_64 x86_64 GNU/Linux,AWS Load Cassandra Data,2.87,0.54,58,00:05.9,26448,0,0,218825,4483,7961,0,0,8,0,0,0,4096
Howard Deiner,Fri Nov 20 17:02:09 UTC 2020,Linux ip-172-31-66-52 5.3.0-1023-aws #25~18.04.1-Ubuntu SMP Fri Jun 5 15:18:30 UTC 2020 x86_64 x86_64 x86_64 GNU/Linux,AWS Test That Cassandra Data Loaded,4.23,0.71,58,00:08.4,26428,0,0,306158,5443,3148,0,0,8,0,0,0,4096
Howard Deiner,Fri Nov 20 17:04:57 UTC 2020,Linux ip-172-31-66-52 5.3.0-1023-aws #25~18.04.1-Ubuntu SMP Fri Jun 5 15:18:30 UTC 2020 x86_64 x86_64 x86_64 GNU/Linux,AWS Get Cassandra Data from S3 Bucket,0,0,100,00:00.0,3356,0,0,1130,23,2,0,0,8,0,0,0,4096
Howard Deiner,Fri Nov 20 17:14:02 UTC 2020,Linux ip-172-31-79-178 5.3.0-1023-aws #25~18.04.1-Ubuntu SMP Fri Jun 5 15:18:30 UTC 2020 x86_64 x86_64 x86_64 GNU/Linux,AWS Update Cassanda Schema,7.5,0.4,71,00:11.1,277804,0,0,92334,9123,15269,0,0,72,0,0,0,4096
Howard Deiner,Fri Nov 20 17:14:03 UTC 2020,Linux ip-172-31-79-178 5.3.0-1023-aws #25~18.04.1-Ubuntu SMP Fri Jun 5 15:18:30 UTC 2020 x86_64 x86_64 x86_64 GNU/Linux,AWS Get Cassandra Data from S3 Bucket,0,0,100,00:00.0,3204,0,0,1144,23,0,0,0,8,0,0,0,4096
Howard Deiner,Fri Nov 20 17:14:05 UTC 2020,Linux ip-172-31-79-178 5.3.0-1023-aws #25~18.04.1-Ubuntu SMP Fri Jun 5 15:18:30 UTC 2020 x86_64 x86_64 x86_64 GNU/Linux,AWS Process S3 Data into Cassandra CSV File For Inport,0.1,0.02,104,00:00.1,3364,0,0,20466,264,26,0,0,24,0,0,0,4096
Howard Deiner,Fri Nov 20 17:14:11 UTC 2020,Linux ip-172-31-79-178 5.3.0-1023-aws #25~18.04.1-Ubuntu SMP Fri Jun 5 15:18:30 UTC 2020 x86_64 x86_64 x86_64 GNU/Linux,AWS Load Cassandra Data,2.84,0.47,57,00:05.8,26368,0,0,218805,4640,5456,0,0,8,0,0,0,4096
Howard Deiner,Fri Nov 20 17:14:21 UTC 2020,Linux ip-172-31-79-178 5.3.0-1023-aws #25~18.04.1-Ubuntu SMP Fri Jun 5 15:18:30 UTC 2020 x86_64 x86_64 x86_64 GNU/Linux,AWS Test That Cassandra Data Loaded,4.31,0.64,58,00:08.5,26440,0,0,306226,6025,3620,0,0,8,0,0,0,4096
Howard Deiner,Fri Nov 20 17:16:09 UTC 2020,Linux ip-172-31-79-178 5.3.0-1023-aws #25~18.04.1-Ubuntu SMP Fri Jun 5 15:18:30 UTC 2020 x86_64 x86_64 x86_64 GNU/Linux,AWS Get Cassandra Data from S3 Bucket,0,0,120,00:00.0,3300,0,0,1155,23,0,0,0,8,0,0,0,4096
Howard Deiner,Fri Nov 20 17:17:09 UTC 2020,Linux ip-172-31-79-178 5.3.0-1023-aws #25~18.04.1-Ubuntu SMP Fri Jun 5 15:18:30 UTC 2020 x86_64 x86_64 x86_64 GNU/Linux,AWS Get Cassandra Data from S3 Bucket,9.69,0.51,89,00:11.4,51840,0,0,193302,976,194,0,0,48704,0,0,0,4096
Howard Deiner,Fri Nov 20 17:19:11 UTC 2020,Linux ip-172-31-79-178 5.3.0-1023-aws #25~18.04.1-Ubuntu SMP Fri Jun 5 15:18:30 UTC 2020 x86_64 x86_64 x86_64 GNU/Linux,AWS Process S3 Data into Cassandra CSV File For Inport,3.33,0.65,91,00:04.3,3324,0,1,21942,432,32,0,72,350864,0,0,0,4096
Howard Deiner,Fri Nov 20 17:51:39 UTC 2020,Linux ip-172-31-75-224 5.3.0-1023-aws #25~18.04.1-Ubuntu SMP Fri Jun 5 15:18:30 UTC 2020 x86_64 x86_64 x86_64 GNU/Linux,AWS Update Cassanda Schema,8.12,0.43,71,00:12.0,276756,0,0,89992,9711,14515,0,0,72,0,0,0,4096
Howard Deiner,Fri Nov 20 17:51:51 UTC 2020,Linux ip-172-31-75-224 5.3.0-1023-aws #25~18.04.1-Ubuntu SMP Fri Jun 5 15:18:30 UTC 2020 x86_64 x86_64 x86_64 GNU/Linux,AWS Get Cassandra Data from S3 Bucket,9.84,0.47,92,00:11.2,51588,0,0,193771,931,257,0,0,48696,0,0,0,4096
Howard Deiner,Fri Nov 20 17:51:57 UTC 2020,Linux ip-172-31-75-224 5.3.0-1023-aws #25~18.04.1-Ubuntu SMP Fri Jun 5 15:18:30 UTC 2020 x86_64 x86_64 x86_64 GNU/Linux,AWS Process S3 Data into Cassandra CSV File For Inport,3.32,0.59,93,00:04.2,3324,0,1,21766,431,51,0,72,350864,0,0,0,4096
Howard Deiner,Fri Nov 20 17:52:12 UTC 2020,Linux ip-172-31-75-224 5.3.0-1023-aws #25~18.04.1-Ubuntu SMP Fri Jun 5 15:18:30 UTC 2020 x86_64 x86_64 x86_64 GNU/Linux,AWS Load Cassandra Data,7.88,0.89,62,00:14.0,52660,0,0,252334,32630,14044,0,0,16,0,0,0,4096
Howard Deiner,Fri Nov 20 17:52:22 UTC 2020,Linux ip-172-31-75-224 5.3.0-1023-aws #25~18.04.1-Ubuntu SMP Fri Jun 5 15:18:30 UTC 2020 x86_64 x86_64 x86_64 GNU/Linux,AWS Test That Cassandra Data Loaded,4.49,0.7,55,00:09.4,26380,0,0,306380,5681,4865,0,0,8,0,0,0,4096Howard Deiner,Fri Nov 20 19:12:41 UTC 2020,Linux ip-172-31-75-15 5.3.0-1023-aws #25~18.04.1-Ubuntu SMP Fri Jun 5 15:18:30 UTC 2020 x86_64 x86_64 x86_64 GNU/Linux,AWS Update Cassanda Schema,8.04,0.40,74,0:11.33,267608,0,0,88186,8652,12901,0,0,72,0,0,0,4096
Howard Deiner,Fri Nov 20 19:12:54 UTC 2020,Linux ip-172-31-75-15 5.3.0-1023-aws #25~18.04.1-Ubuntu SMP Fri Jun 5 15:18:30 UTC 2020 x86_64 x86_64 x86_64 GNU/Linux,AWS Get Cassandra Data from S3 Bucket,9.81,0.42,90,0:11.33,51804,0,0,193717,970,318,0,0,48696,0,0,0,4096
Howard Deiner,Fri Nov 20 19:12:59 UTC 2020,Linux ip-172-31-75-15 5.3.0-1023-aws #25~18.04.1-Ubuntu SMP Fri Jun 5 15:18:30 UTC 2020 x86_64 x86_64 x86_64 GNU/Linux,AWS Process S3 Data into Cassandra CSV File For Inport,3.25,0.65,86,0:04.50,3384,0,1,21765,417,73,0,72,350864,0,0,0,4096
Howard Deiner,Fri Nov 20 19:13:15 UTC 2020,Linux ip-172-31-75-15 5.3.0-1023-aws #25~18.04.1-Ubuntu SMP Fri Jun 5 15:18:30 UTC 2020 x86_64 x86_64 x86_64 GNU/Linux,AWS Load Cassandra Data,7.97,0.85,62,0:14.11,52232,0,0,255617,45399,14132,0,0,16,0,0,0,4096
Howard Deiner,Fri Nov 20 19:13:25 UTC 2020,Linux ip-172-31-75-15 5.3.0-1023-aws #25~18.04.1-Ubuntu SMP Fri Jun 5 15:18:30 UTC 2020 x86_64 x86_64 x86_64 GNU/Linux,AWS Test That Cassandra Data Loaded,4.38,0.67,54,0:09.28,26436,0,0,306349,5727,4740,0,0,8,0,0,0,4096
Howard Deiner,Fri Nov 20 19:13:27 UTC 2020,Linux ubuntu 5.4.0-54-generic #60~18.04.1-Ubuntu SMP Fri Nov 6 17:25:16 UTC 2020 x86_64 x86_64 x86_64 GNU/Linux,AWS Startup Cassandra,11.03,11.09,4,7:26.26,102264,0,0,148753,235652,2023,0,8,36784,0,0,0,4096
Howard Deiner,Fri Nov 20 19:34:10 UTC 2020,Linux ubuntu 5.4.0-54-generic #60~18.04.1-Ubuntu SMP Fri Nov 6 17:25:16 UTC 2020 x86_64 x86_64 x86_64 GNU/Linux,AWS Shutdown Cassandra  (Client Side),3.71,1.67,9,0:55.60,101036,0,0,105422,41959,1220,0,0,600,0,0,0,4096
Howard Deiner,Fri Nov 20 19:40:24 UTC 2020,Linux ip-172-31-73-2 5.3.0-1023-aws #25~18.04.1-Ubuntu SMP Fri Jun 5 15:18:30 UTC 2020 x86_64 x86_64 x86_64 GNU/Linux,AWS Update Cassanda Schema,7.18,0.46,68,0:11.10,271544,0,0,86540,9557,12766,0,0,72,0,0,0,4096
Howard Deiner,Fri Nov 20 19:40:37 UTC 2020,Linux ip-172-31-73-2 5.3.0-1023-aws #25~18.04.1-Ubuntu SMP Fri Jun 5 15:18:30 UTC 2020 x86_64 x86_64 x86_64 GNU/Linux,AWS Get Cassandra Data from S3 Bucket,9.70,0.59,91,0:11.26,51656,0,0,193666,925,301,0,0,48696,0,0,0,4096
Howard Deiner,Fri Nov 20 19:40:42 UTC 2020,Linux ip-172-31-73-2 5.3.0-1023-aws #25~18.04.1-Ubuntu SMP Fri Jun 5 15:18:30 UTC 2020 x86_64 x86_64 x86_64 GNU/Linux,AWS Process S3 Data into Cassandra CSV File For Inport,3.35,0.64,91,0:04.38,3340,0,1,21804,411,64,0,72,350864,0,0,0,4096
Howard Deiner,Fri Nov 20 19:40:58 UTC 2020,Linux ip-172-31-73-2 5.3.0-1023-aws #25~18.04.1-Ubuntu SMP Fri Jun 5 15:18:30 UTC 2020 x86_64 x86_64 x86_64 GNU/Linux,AWS Load Cassandra Data,8.13,0.85,61,0:14.57,51952,0,0,254482,30050,19024,0,0,16,0,0,0,4096
Howard Deiner,Fri Nov 20 19:41:08 UTC 2020,Linux ip-172-31-73-2 5.3.0-1023-aws #25~18.04.1-Ubuntu SMP Fri Jun 5 15:18:30 UTC 2020 x86_64 x86_64 x86_64 GNU/Linux,AWS Test That Cassandra Data Loaded,4.38,0.69,54,0:09.38,26464,0,0,306158,5730,5128,0,0,8,0,0,0,4096
Howard Deiner,Fri Nov 20 19:41:10 UTC 2020,Linux ubuntu 5.4.0-54-generic #60~18.04.1-Ubuntu SMP Fri Nov 6 17:25:16 UTC 2020 x86_64 x86_64 x86_64 GNU/Linux,AWS Startup Cassandra (Client Side),10.82,9.59,4,6:54.68,101600,0,0,147544,224127,1927,0,0,36696,0,0,0,4096
Howard Deiner,Fri Nov 20 19:58:21 UTC 2020,Linux ubuntu 5.4.0-54-generic #60~18.04.1-Ubuntu SMP Fri Nov 6 17:25:16 UTC 2020 x86_64 x86_64 x86_64 GNU/Linux,AWS Shutdown Cassandra  (Client Side),3.54,2.04,7,1:16.91,98660,0,0,103565,43146,1136,0,0,616,0,0,0,4096
